{"bounds":{"east":99.67698097229004,"north":28.369016647338867,"south":27.999773025512695,"west":99.24027442932129},"contentType":"quantizedmesh","latLonBounds":{"east":99.67698097229004,"north":28.369016647338867,"south":27.999773025512695,"west":99.24027442932129},"maxzoom":14,"minzoom":0,"proj":4326,"tiletrans":"tms","type":"terrain","ziped":false}