{"bounds":{"east":100.00004768371582,"north":29.000215530395508,"south":27.999773025512695,"west":98.99960517883301},"contentType":"quantizedmesh","latLonBounds":{"east":100.00004768371582,"north":29.000215530395508,"south":27.999773025512695,"west":98.99960517883301},"maxzoom":14,"minzoom":0,"proj":4326,"tiletrans":"tms","type":"terrain","ziped":false}